日期,open,high,low,收盘,volume,amount,outstanding_share,turnover
2020-03-02,16.04,16.64,15.89,16.39,41483743.0,687319811.0,1828920459.0,0.022682092485685295
2020-03-03,16.66,17.03,16.3,16.51,45694533.0,777884398.0,1828920459.0,0.024984428806151815
2020-03-04,16.31,16.57,15.92,16.28,26917463.0,445023598.0,1828920459.0,0.014717678326326821
2020-03-05,16.54,16.61,16.02,16.39,33115410.0,550577194.0,1828920459.0,0.01810653374073279
2020-03-06,16.15,16.64,16.08,16.38,27514091.0,459213275.0,1828920459.0,0.015043896996506835
2020-03-09,15.95,16.05,15.37,15.44,32167027.0,513815436.0,1828920459.0,0.01758798576597912
2020-03-10,15.12,16.05,15.12,15.99,33982997.0,542617060.0,1828920459.0,0.018580904835293333
2020-03-11,16.11,16.27,15.72,15.8,24521126.0,399628952.0,1828920459.0,0.013407431624121823
2020-03-12,15.49,15.71,15.22,15.43,19040263.0,299287886.0,1828920459.0,0.010410656683457222
2020-03-13,14.48,15.34,14.44,15.16,23814344.0,359871465.0,1828920459.0,0.013020983981458102
2020-03-16,15.31,15.31,14.0,14.24,26499172.0,394031056.0,1828920459.0,0.014488969090809432
2020-03-17,14.34,14.47,13.78,14.28,20664692.0,299023585.0,1828920459.0,0.01129884675864955
2020-03-18,14.28,14.53,13.87,13.9,23859031.0,346313221.0,1828920459.0,0.013045417520806464
2020-03-19,13.94,14.3,13.69,14.11,25904360.0,369840610.0,1828920459.0,0.014163743356101852
2020-03-20,14.29,14.4,14.0,14.27,16737596.0,242513324.0,1828920459.0,0.00915162598659519
2020-03-23,13.75,13.88,13.2,13.36,19312806.0,266559732.0,1828920459.0,0.010559675192522957
2020-03-24,13.69,13.72,13.16,13.61,15243211.0,209275466.0,1828920459.0,0.008334540151808756
2020-03-25,13.91,14.02,13.76,13.85,16640387.0,235585891.0,1828920459.0,0.009098474959976377
2020-03-26,13.75,13.81,13.54,13.6,11967676.0,166362789.0,1828920459.0,0.006543573801204878
2020-03-27,13.79,13.84,13.55,13.58,9862015.0,137414217.0,1828920459.0,0.0053922601999828144
2020-03-30,13.35,13.35,12.94,13.21,11754752.0,157163055.0,1828920459.0,0.006427153210603349
2020-03-31,13.34,13.41,13.04,13.09,8870735.0,119154511.0,1828920459.0,0.004850257405316718
2020-04-01,13.1,13.46,13.02,13.15,13994828.0,188960349.0,1828920459.0,0.007651960986675145
2020-04-02,13.05,13.47,13.01,13.46,14692476.0,198713274.0,1828920459.0,0.008033414426362432
2020-04-03,13.46,13.5,13.11,13.22,13328767.0,180018088.0,1828920459.0,0.007287778391022964
2020-04-07,13.49,13.72,13.44,13.61,19405443.0,268451605.0,1828920459.0,0.01061032638380038
2020-04-08,13.59,13.77,13.51,13.71,18999394.0,263922527.0,1828920459.0,0.010388310714391762
2020-04-09,13.76,13.83,13.62,13.7,12098226.0,169173306.0,1828920459.0,0.006614954707551883
2020-04-10,13.82,13.83,13.28,13.32,13205296.0,180970397.0,1828920459.0,0.007220268073998291
2020-04-13,13.23,13.23,12.99,13.08,8839793.0,117863033.0,1828920459.0,0.00483333922834093
2020-04-14,13.15,13.35,13.09,13.35,11627896.0,156566696.0,1828920459.0,0.006357792074980556
2020-04-15,13.33,13.48,13.22,13.24,11440868.0,155386425.0,1828920459.0,0.006255530656732623
2020-04-16,13.18,13.31,13.02,13.22,9539355.0,128011783.0,1828920459.0,0.005215839187022841
2020-04-17,13.34,13.59,13.24,13.27,16333974.0,223195351.0,1828920459.0,0.008930937329516745
2020-04-20,13.34,13.34,13.17,13.23,11109935.0,149631607.0,1828920459.0,0.006074586210312605
2020-04-21,13.22,13.22,12.94,13.07,13438519.0,178192468.0,1828920459.0,0.0073477875617115615
2020-04-22,12.95,13.17,12.91,13.12,7890756.0,105049806.0,1828920459.0,0.004314433665592234
2020-04-23,13.15,13.18,13.02,13.06,7899514.0,105193462.0,1828920459.0,0.0043192222828100585
2020-04-24,13.02,13.09,12.81,12.85,9955671.0,131015796.0,1828920459.0,0.005443468550536894
2020-04-27,12.88,13.21,12.88,13.08,11352654.0,151271877.0,1828920459.0,0.006207297831972035
2020-04-28,13.09,13.22,12.57,13.14,14546401.0,193023246.0,1828920459.0,0.007953544905913264
2020-04-29,13.06,13.53,13.04,13.49,19416341.0,265018641.0,1828920459.0,0.010616285090176248
2020-04-30,13.51,13.99,13.51,13.92,27425621.0,385705541.0,1828920459.0,0.014995524198463788
2020-05-06,13.68,14.09,13.64,14.01,25005770.0,353268269.0,1828920459.0,0.013672420731556811
2020-05-07,14.01,14.15,13.7,13.76,20716808.0,291970281.0,1828920459.0,0.011327342257042355
2020-05-08,13.82,13.92,13.76,13.8,16851302.0,237565656.0,1828920459.0,0.009213797088372994
2020-05-11,13.8,14.08,13.79,13.86,17427033.0,247367542.0,1828920459.0,0.009528589892601776
2020-05-12,13.77,13.8,13.47,13.69,14911339.0,206981720.0,1828920459.0,0.008153082287762849
2020-05-13,13.61,13.85,13.54,13.76,11275689.0,157276412.0,1828920459.0,0.006165215630080061
2020-05-14,13.65,13.91,13.6,13.81,15572063.0,218799819.0,1828920459.0,0.008514346768538171
2020-05-15,13.85,14.24,13.81,13.99,21215707.0,303069382.0,1828920459.0,0.011600125579873563
2020-05-18,13.99,14.07,13.56,13.62,20502881.0,286580521.0,1828920459.0,0.011210373255494323
2020-05-19,13.75,14.03,13.69,14.02,18887360.0,266939489.0,1828920459.0,0.010327053813115007
2020-05-20,14.03,14.1,13.81,13.9,16356297.0,232471731.0,1828920459.0,0.008943142890392917
2020-05-21,13.94,14.06,13.68,13.7,12511417.0,176626371.0,1828920459.0,0.006840875412832811
2020-05-22,13.64,13.82,13.25,13.25,14899034.0,204319595.0,1828920459.0,0.008146354275104099
2020-05-25,13.24,13.3,12.93,13.04,11177333.0,148643736.0,1828920459.0,0.0061114374575433625
2020-05-26,13.07,13.4,13.04,13.36,10464098.0,141464934.0,1828920459.0,0.005721461503974569
2020-05-27,13.38,13.43,13.13,13.18,7642544.0,102866207.0,1828920459.0,0.004178718632836946
2020-05-28,13.22,13.27,13.06,13.21,8389372.0,111800509.0,1828920459.0,0.00458706225233385
2020-05-29,13.14,13.46,13.12,13.38,8925841.0,120495760.0,1828920459.0,0.004880387747906974
2020-06-01,13.41,14.03,13.38,13.99,22355134.0,312924981.0,1828920459.0,0.012223130803743718
2020-06-02,14.0,14.94,14.0,14.71,54338792.0,800088892.0,1828920459.0,0.029710855785226906
2020-06-03,14.73,14.92,14.53,14.64,38032506.0,568069672.0,1828920459.0,0.02079505744104096
2020-06-04,14.75,14.94,14.39,14.44,24645071.0,364425203.0,1828920459.0,0.013475201110427297
2020-06-05,14.72,14.88,14.41,14.62,22917775.0,339078450.0,1828920459.0,0.012530766380365588
2020-06-08,14.82,15.57,14.72,14.8,47730331.0,728551685.0,1828920459.0,0.026097543370528834
2020-06-09,14.75,14.88,14.42,14.53,25517365.0,376483910.0,1828920459.0,0.0139521458543649
2020-06-10,14.49,14.68,14.12,14.67,26002780.0,380541507.0,1828920459.0,0.014217556521959164
2020-06-11,14.53,14.53,14.13,14.24,29084198.0,421305710.0,1828920459.0,0.015902385397286434
2020-06-12,13.86,14.41,13.83,14.23,25006916.0,358321073.0,1828920459.0,0.013673047330704064
2020-06-15,14.13,14.42,14.04,14.2,18792695.0,271405743.0,1828920459.0,0.010275293770990616
2020-06-16,14.35,14.56,14.3,14.36,16024197.0,233521083.0,1828920459.0,0.00876156036264232
2020-06-17,14.36,14.4,14.09,14.25,13968079.0,200885822.0,1828920459.0,0.0076373354189702355
2020-06-18,14.21,14.53,14.17,14.46,19229532.0,280946417.0,1828920459.0,0.010514143414697292
2020-06-19,14.46,14.74,14.36,14.57,21496899.0,317435115.0,1828920459.0,0.011753873108157953
2020-06-22,14.57,14.8,14.52,14.65,19644800.0,290837611.0,1828920459.0,0.010741199762586286
2020-06-23,14.61,14.85,14.53,14.63,15021436.0,222586828.0,1828920459.0,0.008213280094320385
2020-06-24,14.71,15.15,14.57,15.09,37361792.0,562924861.0,1828920459.0,0.020428330721625986
2020-06-29,14.86,15.02,14.77,14.89,24753336.0,372987123.0,1828920459.0,0.013534397233182244
2020-06-30,15.05,15.34,14.9,15.17,28869357.0,442739195.0,1828917759.0,0.015784939950380786
2020-07-01,15.11,15.18,14.72,15.02,25869728.0,391976913.0,1828917759.0,0.014144828477221868
2020-07-02,14.98,15.26,14.84,15.18,30994269.0,473185204.0,1828917759.0,0.016946781148293285
2020-07-03,15.15,15.33,15.0,15.27,29869968.0,458130939.0,1828917759.0,0.01633204546951966
2020-07-06,15.35,16.06,15.33,15.83,42863598.0,683154350.0,1828917759.0,0.023436591278678705
2020-07-07,16.01,16.49,15.85,15.94,45588844.0,747997865.0,1828917759.0,0.024926677963325525
2020-07-08,16.0,16.4,15.77,16.32,40472374.0,661297916.0,1828917759.0,0.022129138284560777
2020-07-09,16.29,16.67,16.09,16.54,48562189.0,804891005.0,1828917759.0,0.026552418095908487
2020-07-10,16.37,17.04,16.26,16.82,54279799.0,918755666.0,1828917759.0,0.02967864395918964
2020-07-13,17.02,17.28,16.72,17.28,49463051.0,855257334.0,1828917759.0,0.027044983710500455
2020-07-14,17.69,17.98,16.75,17.13,52636834.0,924671645.0,1828917759.0,0.028780317617332515
2020-07-15,17.24,17.24,15.95,16.09,46156399.0,768783883.0,1828917759.0,0.02523700082896948
2020-07-16,16.14,16.42,15.37,15.74,34987139.0,566927934.0,1828917759.0,0.0191299684350651
2020-07-17,15.83,16.01,15.54,15.91,23755097.0,380621964.0,1828917759.0,0.012988608636502391
2020-07-20,16.04,16.62,15.81,16.57,29028962.0,476274095.0,1828917759.0,0.01587220740634735
2020-07-21,16.8,17.36,16.64,16.89,42569201.0,731210153.0,1828917759.0,0.02327562340653066
2020-07-22,16.75,17.11,16.6,16.76,33404941.0,569421191.0,1828917759.0,0.018264867753411105
2020-07-23,16.49,16.66,15.88,16.31,30221125.0,497563275.0,1828917759.0,0.01652404808870359
2020-07-24,16.16,16.47,15.48,15.58,27038826.0,436609860.0,1828917759.0,0.014784057876273266
2020-07-27,15.69,15.73,15.19,15.49,14998136.0,234448316.0,1828917759.0,0.008200552444851622
2020-07-28,15.55,15.92,15.55,15.8,17532258.0,279663950.0,1828917759.0,0.009586137984458162
2020-07-29,15.67,16.44,15.67,16.35,21445262.0,350381197.0,1828917759.0,0.011725656823260143
2020-07-30,16.43,16.64,16.31,16.41,22491447.0,375492174.0,1828917759.0,0.01229768090408706
2020-07-31,16.49,16.72,16.25,16.6,30628234.0,512610640.0,1828917759.0,0.016746643663598435
2020-08-03,17.0,18.07,16.79,17.98,68607286.0,1224191601.0,1828917759.0,0.03751250468337762
2020-08-04,17.86,18.22,17.72,18.04,51134106.0,930929168.0,1828917759.0,0.027958668862157404
2020-08-05,18.22,18.22,17.32,17.63,37586791.0,670365426.0,1828917759.0,0.020551383907252006
2020-08-06,17.86,17.93,17.51,17.69,30676538.0,550038966.0,1828917759.0,0.01677305491132256
2020-08-07,17.58,17.58,16.72,16.92,35009058.0,603305021.0,1828917759.0,0.01914195311829765
2020-08-10,16.99,17.27,16.64,17.07,24530335.0,421380297.0,1828917759.0,0.013412486635491192
2020-08-11,17.09,17.14,16.51,16.55,20954889.0,357143573.0,1828917759.0,0.011457534871036266
2020-08-12,16.61,16.73,16.03,16.47,22816203.0,378574790.0,1828917759.0,0.012475248210436345
2020-08-13,16.61,16.78,16.36,16.52,19781912.0,331939221.0,1828917759.0,0.010816184545562171
2020-08-14,16.45,16.78,16.31,16.77,18376385.0,308607094.0,1828917759.0,0.010047682521300292
2020-08-17,16.78,17.46,16.77,17.24,29630075.0,516094528.0,1828917759.0,0.016200878828034827
2020-08-18,17.28,17.33,16.96,17.14,21727735.0,376183480.0,1828917759.0,0.011880104992736309
2020-08-19,17.09,17.26,16.55,16.66,20123754.0,343568963.0,1828917759.0,0.011003093988765845
2020-08-20,16.37,16.59,15.98,16.06,23295786.0,383143123.0,1828917759.0,0.012737470498803331
2020-08-21,16.2,16.36,15.75,15.97,21021310.0,341577140.0,1828917759.0,0.011493851976971262
2020-08-24,16.05,16.72,15.91,16.56,26883062.0,446349158.0,1828917759.0,0.014698890569414608
2020-08-25,16.57,16.62,16.09,16.22,20911905.0,344377012.0,1828917759.0,0.011434032447382452
2020-08-26,16.16,16.29,15.63,15.69,22223955.0,358569898.0,1828917759.0,0.01215142391758032
2020-08-27,15.9,16.04,15.62,15.89,13720598.0,219954245.0,1828917759.0,0.0075020311506527396
2020-08-28,15.92,16.28,15.67,16.19,17622629.0,285353972.0,1828917759.0,0.009635550266423982
2020-08-31,16.41,16.65,16.18,16.23,24917025.0,415195760.0,1828917759.0,0.01362391768431617
2020-09-01,16.42,16.45,16.1,16.35,17424010.0,287628029.0,1828917759.0,0.009526951069427502
2020-09-02,16.42,16.65,16.31,16.58,26147606.0,437978476.0,1828917759.0,0.014296764231923017
2020-09-03,16.55,16.55,15.9,16.1,24680207.0,403506847.0,1828917759.0,0.013494432365014833
2020-09-04,15.77,16.06,15.7,15.97,18745933.0,301404698.0,1828917759.0,0.010249740814070141
2020-09-07,15.9,16.06,15.25,15.29,26076488.0,412166077.0,1828917759.0,0.014257878940525942
2020-09-08,15.41,15.47,15.17,15.41,14205427.0,220463828.0,1828917759.0,0.007767121802003345
2020-09-09,15.21,15.28,14.92,14.96,16812811.0,257128590.0,1828917759.0,0.009192764910978155
2020-09-10,15.12,15.17,14.47,14.47,18163201.0,272681739.0,1828917759.0,0.009931119598254172
2020-09-11,14.45,14.79,14.39,14.73,14552286.0,215357903.0,1828917759.0,0.007956774397530468
2020-09-14,14.79,15.03,14.72,14.86,12551823.0,189011838.0,1828917759.0,0.006862978358777039
2020-09-15,14.81,14.83,14.56,14.78,11776696.0,175340834.0,1828917759.0,0.006439161051418277
2020-09-16,14.72,15.04,14.72,14.85,12448442.0,187659013.0,1828917759.0,0.00680645258035356
2020-09-17,14.81,15.23,14.64,15.05,15005638.0,227440597.0,1828917759.0,0.008204654324207916
2020-09-18,15.01,15.17,14.83,15.16,14051774.0,213797763.0,1828917759.0,0.007683108729658303
2020-09-21,15.21,15.37,15.05,15.13,11936622.0,183378871.0,1828917759.0,0.006526604021017656
2020-09-22,14.93,15.03,14.72,14.84,10519991.0,158658777.0,1828917759.0,0.005752030646666163
2020-09-23,14.87,14.96,14.73,14.87,8632390.0,129763632.0,1828917759.0,0.004719944326375804
2020-09-24,14.82,14.93,14.54,14.62,12314111.0,183048140.0,1828917759.0,0.006733004225806744
2020-09-25,14.65,14.72,14.47,14.59,7266145.0,107322874.0,1828917759.0,0.003972920577890239
2020-09-28,14.56,14.68,14.51,14.58,6091271.0,90053405.0,1828917759.0,0.003330533026991073
2020-09-29,14.7,14.85,14.64,14.65,10567800.0,157729240.0,1828917759.0,0.0057781712425266024
2020-09-30,14.75,14.8,14.51,14.59,8754739.0,129826427.0,1828917759.0,0.004786841265507117
2020-10-09,14.85,15.09,14.8,15.09,14874992.0,225851208.0,1828917759.0,0.008133220822424087
2020-10-12,15.41,15.56,15.29,15.47,23447648.0,366074977.0,1828917759.0,0.012820504303496131
2020-10-13,15.45,15.56,15.36,15.53,14079222.0,220550961.0,1828917759.0,0.007698116512192498
2020-10-14,15.51,15.51,15.27,15.4,12603244.0,196206341.0,1828917759.0,0.006891093893085217
2020-10-15,15.4,15.49,15.24,15.33,9999794.0,155677113.0,1828917759.0,0.005467601782962401
2020-10-16,15.29,15.33,15.01,15.11,11535589.0,176605219.0,1828917759.0,0.006307330629403113
2020-10-19,15.11,15.28,14.84,14.88,10889492.0,165894681.0,1828917759.0,0.005954063241178249
2020-10-20,14.85,14.95,14.69,14.93,8775700.0,131860441.0,1828917759.0,0.004798302141698434
2020-10-21,14.87,14.9,14.55,14.66,11128206.0,165242377.0,1828917759.0,0.006084585239133216
2020-10-22,14.58,14.8,14.43,14.69,7583419.0,112447849.0,1828917759.0,0.004146396940312065
2020-10-23,14.72,14.82,14.47,14.5,7605207.0,112631223.0,1828917759.0,0.004158309996485742
2020-10-26,14.47,14.66,14.32,14.6,6036303.0,88774372.0,1828917759.0,0.0033004780943788736
2020-10-27,14.58,14.81,14.48,14.81,8094731.0,119908230.0,1828917759.0,0.004425967739755542
2020-10-28,14.8,14.8,14.32,14.67,14908184.0,219835036.0,1828917759.0,0.008151369260119914
2020-10-29,14.45,14.67,14.4,14.58,10979366.0,161787953.0,1828917759.0,0.006003203777737499
2020-10-30,14.61,14.74,14.07,14.08,16185002.0,236060928.0,1828917759.0,0.008849496878880708
2020-11-02,14.1,14.35,13.87,14.32,13006480.0,186054860.0,1828917759.0,0.007111571822186019
2020-11-03,14.37,14.7,14.25,14.6,10693352.0,157203462.0,1828917759.0,0.005846819490585962
2020-11-04,14.56,14.7,14.43,14.5,9134507.0,134505269.0,1828917759.0,0.004994487562412039
2020-11-05,14.66,14.77,14.54,14.72,12503449.0,185737659.0,1828917759.0,0.006836528837051989
2020-11-06,14.77,15.02,14.7,14.82,18520572.0,278920179.0,1828917759.0,0.01012651985517737
2020-11-09,14.96,15.14,14.92,15.04,21466951.0,327097363.0,1828917759.0,0.011737515749061081
2020-11-10,15.05,15.05,14.67,14.85,16598954.0,249744575.0,1828917759.0,0.00907583401075171
2020-11-11,14.79,14.82,14.32,14.35,15184248.0,222821640.0,1828917759.0,0.008302313171425659
2020-11-12,14.52,14.57,14.35,14.39,8423094.0,123178415.0,1828917759.0,0.004605507250695355
2020-11-13,14.35,14.5,14.22,14.47,8319529.0,121293894.0,1828917759.0,0.004548880866326587
2020-11-16,14.5,14.56,14.37,14.52,8444867.0,123673933.0,1828917759.0,0.004617412105297404
2020-11-17,14.47,14.48,14.22,14.41,9293559.0,134808896.0,1828917759.0,0.005081452653771295
2020-11-18,14.4,14.75,14.32,14.71,14204855.0,210538429.0,1828917759.0,0.007766809048738643
2020-11-19,14.62,14.74,14.54,14.67,9324060.0,138155857.0,1828917759.0,0.005098129729517269
2020-11-20,14.58,14.66,14.41,14.55,9532046.0,140056182.0,1828917759.0,0.005211850534608976
2020-11-23,14.53,14.89,14.4,14.8,17062001.0,253960465.0,1828917759.0,0.009329014886557291
2020-11-24,14.81,15.1,14.77,15.01,17568970.0,266130050.0,1828917759.0,0.009606211057629082
2020-11-25,15.07,15.19,14.73,14.73,18083662.0,274048110.0,1828917759.0,0.009887629944545801
2020-11-26,14.81,15.26,14.67,15.26,24018795.0,364820439.0,1828917759.0,0.013132791172158988
2020-11-27,15.15,15.25,14.95,15.08,16637425.0,254039476.0,1828917759.0,0.009096868854888734
2020-11-30,15.07,15.45,14.96,15.14,26064290.0,402551114.0,1828917759.0,0.014251209422479013
2020-12-01,15.22,15.7,15.17,15.66,34082255.0,536607112.0,1828917759.0,0.018635203705734262
2020-12-02,15.76,16.67,15.57,16.32,58166933.0,948349020.0,1828917759.0,0.03180401782079256
2020-12-03,16.2,16.29,15.61,15.74,40037946.0,642843254.0,1828917759.0,0.021891605460647726
2020-12-04,15.61,15.82,15.44,15.65,19816207.0,313102896.0,1828917759.0,0.01083493607215829
2020-12-07,15.65,15.73,15.26,15.31,18090260.0,282359219.0,1828917759.0,0.009891237542518718
2020-12-08,15.38,15.58,15.27,15.48,13513950.0,211374935.0,1828917759.0,0.007389041925750146
2020-12-09,15.49,15.5,14.91,14.93,19080818.0,292644934.0,1828917759.0,0.010432846368353297
2020-12-10,14.9,15.04,14.89,14.93,10416972.0,157723600.0,1828917759.0,0.005695702799504611
2020-12-11,14.94,14.98,14.26,14.45,23153349.0,339675017.0,1828917759.0,0.012659590014949382
2020-12-14,14.47,14.57,14.26,14.55,10356492.0,151501196.0,1828917759.0,0.0056626340627052765
2020-12-15,14.61,14.8,14.58,14.59,12168033.0,180845957.0,1828917759.0,0.006653132947133245
2020-12-16,14.62,14.62,14.31,14.33,10292549.0,150374194.0,1828917759.0,0.00562767185640303
2020-12-17,14.31,14.78,14.2,14.74,13474531.0,198804917.0,1828917759.0,0.007367488742286306
2020-12-18,14.73,14.77,14.52,14.64,11470986.0,170160967.0,1828917759.0,0.006272007553949286
2020-12-21,14.62,14.98,14.57,14.86,12909524.0,194005699.0,1828917759.0,0.007058559050276027
2020-12-22,14.83,15.01,14.42,14.48,13858562.0,206602518.0,1828917759.0,0.007577465925847571
2020-12-23,14.5,14.86,14.5,14.76,11746188.0,174940314.0,1828917759.0,0.006422480148272211
2020-12-24,14.8,14.85,14.42,14.55,11610051.0,171563793.0,1828917759.0,0.006348044324501526
2020-12-25,14.62,14.69,14.48,14.55,9849283.0,145383080.0,1828917759.0,0.005385306666487457
2020-12-28,14.5,14.55,13.93,14.05,21502571.0,306545517.0,1828917759.0,0.011756991747817568
2020-12-29,13.92,14.32,13.87,14.05,11626235.0,166297391.0,1828917759.0,0.006356893273515422
2020-12-30,14.0,14.68,13.99,14.41,15972413.0,232674011.0,1828917759.0,0.008733259284842452
2020-12-31,14.38,14.66,14.35,14.56,11720509.0,172310124.0,1828920459.0,0.006408430143762747
2021-01-04,14.59,14.76,14.42,14.69,16050825.0,237279753.0,1828920459.0,0.008776119771100445
2021-01-05,14.54,14.99,14.46,14.96,21344681.0,319102191.0,1828920459.0,0.011670644775700439
2021-01-06,14.95,14.96,14.56,14.66,15678409.0,233721691.0,1828920459.0,0.008572493638445323
2021-01-07,14.64,14.78,14.22,14.42,18544715.0,272675702.0,1828920459.0,0.010139705589022557
2021-01-08,14.34,14.81,14.33,14.78,17558275.0,260665291.0,1828920459.0,0.009600349164227924
2021-01-11,14.84,15.17,14.76,14.87,26014777.0,394524938.0,1828920459.0,0.014224116129262459
2021-01-12,15.09,16.0,14.92,15.69,47743885.0,749056054.0,1828920459.0,0.026104954299710197
2021-01-13,15.51,16.21,15.51,15.73,46443913.0,743637238.0,1828920459.0,0.025394167784308218
2021-01-14,16.75,17.26,16.05,16.18,71694213.0,1202374044.0,1828920459.0,0.03920029033914372
2021-01-15,16.09,16.2,15.35,15.52,45182234.0,716518466.0,1828920459.0,0.02470431875681697
2021-01-18,15.39,16.52,15.39,16.45,48996651.0,803915332.0,1828920459.0,0.02678992996053526
2021-01-19,16.23,16.41,15.91,16.02,33230890.0,543370240.0,1828920459.0,0.018169674813616376
2021-01-20,16.05,16.35,15.9,16.07,21637621.0,353409760.0,1828920459.0,0.011830815765400108
2021-01-21,15.93,16.67,15.91,16.44,36362605.0,605275166.0,1828920459.0,0.01988200461155211
2021-01-22,16.4,16.69,16.24,16.48,28119754.0,468712296.0,1828920459.0,0.015375055739370458
2021-01-25,16.36,16.59,15.63,16.45,27412127.0,449446511.0,1828920459.0,0.014988146075520499
2021-01-26,16.35,16.99,16.18,16.5,37377710.0,628149933.0,1828920459.0,0.020437034216587546
2021-01-27,16.59,16.92,16.19,16.23,26933741.0,447969519.0,1828920459.0,0.014726578658716835
2021-01-28,15.87,16.62,15.81,16.28,32390799.0,536629315.0,1828920459.0,0.017710337724424787
2021-01-29,16.35,16.38,15.51,15.84,31445581.0,506503084.0,1828920459.0,0.01719352027872963
2021-02-01,15.97,16.93,15.87,16.75,40354541.0,680732549.0,1828920459.0,0.022064677991553924
2021-02-02,16.89,16.97,16.48,16.97,36240665.0,614884595.0,1828920459.0,0.019815331400369007
2021-02-03,16.79,16.82,16.0,16.39,36734406.0,615128878.0,1828920459.0,0.02008529448026695
2021-02-04,16.12,16.28,15.46,15.93,33701607.0,539828405.0,1828920459.0,0.018427049046423293
2021-02-05,15.94,15.99,14.75,14.77,35134659.0,542661251.0,1828920459.0,0.019210599797877814
2021-02-08,14.73,15.16,14.66,15.0,16617781.0,251899671.0,1828920459.0,0.009086114663010613
2021-02-09,15.09,15.42,14.96,15.31,16367367.0,252820726.0,1828920459.0,0.008949195641317936
2021-02-10,15.3,15.4,15.05,15.31,17526539.0,270718100.0,1828920459.0,0.009582996851368264
2021-02-18,15.51,15.83,15.41,15.47,19971352.0,314829951.0,1828920459.0,0.010919748806856122
2021-02-19,15.52,15.93,15.34,15.92,22327960.0,354671455.0,1828920459.0,0.012208272858519102
2021-02-22,15.93,16.32,15.78,15.88,29880160.0,485989147.0,1828920459.0,0.016337594045143764
2021-02-23,15.83,16.2,15.74,15.88,23577391.0,380599545.0,1828920459.0,0.012891425039277774
2021-02-24,15.73,15.88,15.47,15.59,20755142.0,328877760.0,1828920459.0,0.011348302162549104
2021-02-25,15.67,15.75,15.19,15.31,17352965.0,270401827.0,1828920459.0,0.009488091685238237
2021-02-26,15.01,15.18,14.84,14.84,16617479.0,251885713.0,1828920459.0,0.009085949538278964
2021-03-01,15.01,15.31,14.99,15.3,14321612.0,219551401.0,1828920459.0,0.007830636881732208
2021-03-02,15.28,15.44,15.15,15.35,15487575.0,239652861.0,1828920459.0,0.008468151211162104
2021-03-03,15.26,15.52,15.13,15.51,15465180.0,240448484.0,1828920459.0,0.00845590628280024
2021-03-04,15.32,15.43,14.97,15.09,17385441.0,266587654.0,1828920459.0,0.0095058486083675
2021-03-05,14.95,15.5,14.88,15.47,19947654.0,309167080.0,1828920459.0,0.010906791436357375
2021-03-08,15.63,16.07,15.5,15.51,26408833.0,421424641.0,1828920459.0,0.01443957437845032
2021-03-09,15.35,15.67,15.11,15.23,24671508.0,385459869.0,1828920459.0,0.013489656085694211
2021-03-10,15.36,15.36,14.53,14.61,21787765.0,325431607.0,1828919708.9999998,0.011912914980785524
2021-03-11,14.42,14.43,13.73,14.05,62059914.0,878416242.0,2085677416.0,0.02975527927948758
2021-03-12,13.97,14.17,13.9,14.13,38661054.0,549879919.0,2085677416.0,0.01853644945446348
2021-03-15,13.84,14.13,13.63,13.93,31962788.0,449472527.0,2085677416.0,0.015324895285724281
2021-03-16,13.99,14.09,13.86,14.08,16371470.0,232013622.0,2085677416.0,0.007849473688696259
2021-03-17,14.0,14.21,13.87,14.12,24269694.0,345101282.0,2085677416.0,0.01163636035650491
2021-03-18,14.11,14.11,13.93,13.98,15515243.0,219670992.0,2085677416.0,0.007438946637182171
2021-03-19,13.83,13.91,13.67,13.73,22132406.0,308727194.0,2085677416.0,0.010611615118528954
2021-03-22,13.76,14.22,13.64,14.07,25007746.0,355147144.0,2085677416.0,0.0119902271598457
2021-03-23,14.07,14.25,13.88,13.96,17818132.0,253076087.0,2085677416.0,0.008543091018443477
2021-03-24,13.91,14.14,13.89,14.09,17053989.0,242126718.0,2085677416.0,0.008176714610405506
2021-03-25,13.98,14.06,13.88,13.94,11990249.0,169366476.0,2085677416.0,0.0057488511444859025
2021-03-26,14.0,14.12,13.88,13.99,16388220.0,232353589.0,2085677416.0,0.007857504652579506
2021-03-29,14.04,14.05,13.92,13.92,14685361.0,207923625.0,2085677416.0,0.007041050973339973
2021-03-30,13.94,13.97,13.64,13.85,19874817.0,277492270.0,2085677416.0,0.00952919029929219
2021-03-31,13.88,13.91,13.69,13.83,12587453.0,175732725.0,2085677416.0,0.006035186891048927
2021-04-01,13.88,13.93,13.77,13.88,11262016.0,158176250.0,2085677416.0,0.005399692164092551
2021-04-02,13.92,14.09,13.9,14.05,17212785.0,244544338.0,2085677416.0,0.00825285102478187
2021-04-06,14.1,14.12,13.96,14.05,12527698.0,178058011.0,2085677416.0,0.0060065367270582745
2021-04-07,14.43,14.47,14.09,14.18,31868458.0,459044305.0,2085677416.0,0.015279667773897016
2021-04-08,14.03,14.23,14.0,14.04,20816035.0,297107389.0,2085677416.0,0.009980467180740667
2021-04-09,14.05,14.17,13.97,14.02,16298209.0,231966840.0,2085677416.0,0.007814347930782792
2021-04-12,14.02,14.08,13.8,13.86,16879418.0,237868281.0,2085677416.0,0.008093014706162978
2021-04-13,13.83,13.91,13.66,13.71,14804403.0,206043249.0,2085677416.0,0.007098126913793077
2021-04-14,13.71,14.14,13.7,14.01,20617416.0,291869478.0,2085677416.0,0.00988523720966445
2021-04-15,13.93,14.02,13.74,13.86,13838028.0,194000409.0,2085677416.0,0.006634788243782758
2021-04-16,13.86,14.01,13.8,14.0,13326137.0,187910949.0,2085677416.0,0.006389356713444895
2021-04-19,13.91,14.23,13.88,14.19,23379677.0,334215986.0,2085677416.0,0.01120963233367053
2021-04-20,14.13,14.37,14.01,14.22,28283603.0,406728368.0,2085677416.0,0.01356087129439388
2021-04-21,14.03,14.24,13.99,14.08,18920924.0,270101369.0,2085677416.0,0.009071836255621612
2021-04-22,14.08,14.21,14.01,14.05,15981366.0,227869016.0,2085677416.0,0.007662434217967291
2021-04-23,14.01,14.05,13.89,13.98,12271661.0,173373106.0,2085677416.0,0.0058837770912508166
2021-04-26,13.99,14.27,13.88,14.07,26851560.0,384094153.0,2085677416.0,0.012874263198139745
2021-04-27,14.03,14.1,13.79,13.99,17327976.0,244165713.0,2085677416.0,0.008308080562732622
2021-04-28,14.05,14.1,13.85,13.92,14167299.0,199794793.0,2085677416.0,0.006792660692069363
2021-04-29,13.89,13.98,13.85,13.9,11382741.0,160302608.0,2085677416.0,0.0054575750366182224
2021-04-30,13.93,13.95,13.67,13.73,18674599.0,260023120.0,2085677416.0,0.008953733140484846
2021-05-06,13.68,13.8,13.38,13.42,18709673.0,256861797.0,2085677416.0,0.0089705497391261
2021-05-07,13.45,13.46,13.2,13.3,16679957.0,224773807.0,2085677416.0,0.007997381029320213
2021-05-10,13.31,13.42,13.24,13.34,12683075.0,171136038.0,2085677416.0,0.006081033865881396
2021-05-11,13.29,13.5,13.2,13.47,11802349.0,159727121.0,2085677416.0,0.005658760510834433
2021-05-12,13.43,13.49,13.34,13.48,8124754.0,110475312.0,2085677416.0,0.0038954988617472762
2021-05-13,13.37,13.5,13.36,13.41,6868610.0,93312933.0,2085677416.0,0.003293227393319965
2021-05-14,13.44,13.67,13.39,13.65,13181740.0,180976726.0,2085677416.0,0.006320124051244941
2021-05-17,13.71,13.71,13.51,13.56,10800302.0,148639277.0,2085677416.0,0.005178318524785714
2021-05-18,13.56,13.62,13.48,13.58,6709606.0,92191147.0,2085677416.0,0.0032169912511532898
2021-05-19,13.57,13.57,13.37,13.46,8369169.0,114232894.0,2085677416.0,0.004012686207271086
2021-05-20,13.52,13.52,13.32,13.33,10571143.0,143251759.0,2085677416.0,0.005068445829112818
2021-05-21,13.43,13.47,13.3,13.33,7953896.0,107765678.0,2085677416.0,0.0038135791944539136
2021-05-24,13.26,13.44,13.26,13.42,8641251.0,116902124.0,2085677416.0,0.004143138787287899
2021-05-25,13.45,13.59,13.35,13.55,11239516.0,153439852.0,2085677416.0,0.005388904302159831
2021-05-26,13.58,13.59,13.51,13.52,9225132.0,126550866.0,2085677416.0,0.004423086681205163
2021-05-27,13.55,13.77,13.52,13.68,15385425.0,213130936.0,2085677416.0,0.00737670403005409
2021-05-28,13.7,13.73,13.38,13.45,15587546.0,213341212.0,2085677416.0,0.007473613071907569
2021-05-31,13.52,13.71,13.51,13.66,13905909.0,191901956.0,2085677416.0,0.006667334504042978
2021-06-01,13.74,13.75,13.61,13.69,15122429.0,209743654.0,2085677416.0,0.007250607828415974
2021-06-02,13.83,13.9,13.55,13.62,18080316.0,250980270.0,2085677416.0,0.008668797898130954
2021-06-03,13.67,13.8,13.58,13.65,14197296.0,196913139.0,2085677416.0,0.006807043069598065
2021-06-04,13.68,13.87,13.6,13.82,18030760.0,251283355.0,2085677416.0,0.00864503775208927
2021-06-07,13.87,13.97,13.78,13.95,18175159.0,255821097.0,2085677416.0,0.008714271373210285
2021-06-08,13.88,13.92,13.68,13.73,17458184.0,242922722.0,2085677416.0,0.008370510159467538
2021-06-09,13.66,13.77,13.6,13.63,10746519.0,148655611.0,2085677416.0,0.0051525316990822705
2021-06-10,13.63,13.71,13.54,13.67,13513495.0,186528388.0,2085677416.0,0.006479187479488918
2021-06-11,13.67,13.89,13.57,13.82,19710842.0,274774111.0,2085677416.0,0.009450570758829178
2021-06-15,13.92,13.96,13.71,13.78,15198839.0,212595682.0,2085677416.0,0.0072872434075394905
2021-06-16,13.74,13.76,13.46,13.54,13611332.0,187638893.0,2085677416.0,0.006526096459396097
2021-06-17,13.53,13.75,13.44,13.74,12318863.0,169632331.0,2085677416.0,0.005906408587204072
2021-06-18,13.71,14.07,13.68,13.92,25000560.0,352345970.0,2085677416.0,0.011986781756474656
2021-06-21,13.84,14.05,13.79,13.89,16263446.0,228802918.0,2085677416.0,0.007797680444366475
2021-06-22,13.91,14.11,13.85,14.06,20795125.0,295123812.0,2085677416.0,0.009970441661051193
2021-06-23,14.08,14.18,13.92,14.11,19983292.0,284390403.0,2085677416.0,0.009581199780321157
2021-06-24,14.07,14.27,14.03,14.2,19040469.0,273494947.0,2085677416.0,0.00912915336472148
2021-06-25,14.18,14.21,13.98,14.1,17649592.0,251834329.0,2085677416.0,0.00846228274065945
2021-06-28,14.1,14.17,13.98,14.05,15855577.0,225668882.0,2085677416.0,0.007602123357315962
2021-06-29,14.03,14.19,13.87,13.92,19557082.0,277554118.0,2085677416.0,0.009376848907683623
2021-06-30,13.89,14.11,13.89,14.01,11500078.0,163167663.0,2085675466.0,0.0055138386520197005
2021-07-01,14.01,14.05,13.54,13.56,17262523.0,241080717.0,2085675466.0,0.008276706170930239
2021-07-02,13.56,13.69,13.31,13.34,19577667.0,266933305.0,2085675466.0,0.009386727378803045
2021-07-05,13.35,13.48,13.29,13.41,11981426.0,162300250.0,2085675466.0,0.005744626235153691
2021-07-06,13.42,13.49,13.28,13.42,13193388.0,178912494.0,2085675466.0,0.006325714721716921
2021-07-07,13.34,13.43,13.27,13.41,12519375.0,169340457.0,2085675466.0,0.0060025517891382245
2021-07-08,13.71,14.6,13.69,14.28,68660890.0,985827874.0,2085675466.0,0.032920217511922346
2021-07-09,14.18,15.71,14.09,15.71,129123110.0,2004268927.0,2085675466.0,0.06190949268230976
2021-07-12,15.91,16.09,15.49,15.56,98192678.0,1564306369.0,2085675466.0,0.04707955748662961
2021-07-13,15.5,15.68,15.05,15.26,58027846.0,896908745.0,2085675466.0,0.027822087830034436
2021-07-14,15.51,15.55,14.62,14.69,54655059.0,827726324.0,2085675466.0,0.026204968074357165
2021-07-15,14.75,14.86,14.42,14.68,41032487.0,606848901.0,2085675466.0,0.019673476371994684
2021-07-16,14.58,14.9,14.44,14.57,48676563.0,724316620.0,2085675466.0,0.023338512531556048
2021-07-19,14.63,14.7,14.33,14.62,30111477.0,443353250.0,2085675466.0,0.014437278229939154
2021-07-20,14.44,14.57,14.32,14.56,26323446.0,385057567.0,2085675466.0,0.012621065179658204
2021-07-21,14.68,14.75,14.49,14.55,27618932.0,405806818.0,2085675466.0,0.013242200164999208
2021-07-22,14.51,14.82,14.35,14.75,36792266.0,542627452.0,2085675466.0,0.017640455861794177
2021-07-23,14.69,14.72,13.99,14.1,47178342.0,680996352.0,2085675466.0,0.022620174024715695
2021-07-26,14.1,14.7,14.05,14.33,37476539.0,544019609.0,2085675466.0,0.017968538064013453
2021-07-27,14.48,14.68,14.14,14.18,37212303.0,541661400.0,2085675466.0,0.017841847212868352
2021-07-28,14.1,14.11,13.57,13.67,29637029.0,411449669.0,2085675466.0,0.014209798927557601
2021-07-29,13.79,13.91,13.66,13.73,27178640.0,377462766.0,2085675466.0,0.013031097331803201
2021-07-30,13.73,13.97,13.65,13.89,21232881.0,295904064.0,2085675466.0,0.01018033790305898
2021-08-02,13.91,14.23,13.73,14.18,28500149.0,403708702.0,2085675466.0,0.013664709330190683
2021-08-03,14.22,14.55,14.04,14.1,25074392.0,360026266.0,2304831108.0,0.010879058301915283
2021-08-04,14.11,14.33,14.08,14.19,20625370.0,295114034.0,2304831108.0,0.008948755476446824
2021-08-05,14.33,14.51,14.19,14.29,23753097.0,343060434.0,2304831108.0,0.01030578636219969
2021-08-06,14.18,14.47,13.98,14.44,22688430.0,325419117.0,2304831108.0,0.009843857938765724
2021-08-09,14.35,14.55,14.29,14.47,20103042.0,292322538.0,2304831108.0,0.008722132363721984
2021-08-10,14.41,14.54,14.32,14.43,20252300.0,293800946.0,2304831108.0,0.00878689112174201
2021-08-11,14.41,14.73,14.35,14.5,24118412.0,353633120.0,2304831108.0,0.01046428604520553
2021-08-12,14.44,14.72,14.39,14.63,23693068.0,348271504.0,2304831108.0,0.010279741503731909
2021-08-13,14.6,14.6,14.28,14.38,23981710.0,348188502.0,2304831108.0,0.010404974974851823
2021-08-16,14.29,15.11,14.25,15.01,43257739.0,646300325.0,2304831108.0,0.01876829015794419
2021-08-17,14.97,15.03,14.5,14.62,30250629.0,449814833.0,2304831108.0,0.013124878823008319
2021-08-18,14.5,14.67,14.4,14.57,16226692.0,236966548.0,2304831108.0,0.007040295466196042
2021-08-19,14.47,14.71,14.34,14.37,15735389.0,229964589.0,2304831108.0,0.0068271332096234445
2021-08-20,14.34,14.49,14.2,14.33,15893042.0,229679728.0,2304831108.0,0.006895534316955254
2021-08-23,14.36,14.6,14.33,14.55,16765797.0,245278491.0,2304831108.0,0.007274197637217937
2021-08-24,14.55,14.63,14.44,14.6,16392709.0,240343227.0,2304831108.0,0.007112325472830264
2021-08-25,14.6,14.68,14.44,14.67,16959117.0,248317908.0,2304831108.0,0.007358073631137402
2021-08-26,14.39,14.44,13.92,13.92,46171843.0,657258398.0,2304831108.0,0.02003263616138246
2021-08-27,13.86,14.0,13.65,13.95,21011344.0,293148236.0,2304831108.0,0.009116218506019921
2021-08-30,14.0,14.12,13.85,13.87,17619743.0,248119824.0,2304831108.0,0.007644700272762893
2021-08-31,13.87,14.04,13.67,14.04,18787747.0,260682085.0,2304831108.0,0.008151463651626487
2021-09-01,13.95,14.06,13.79,14.02,19974092.0,280224675.0,2304831108.0,0.00866618466345344
2021-09-02,14.05,14.07,13.85,13.91,24393760.0,343177521.0,2304831108.0,0.010583751631661854
2021-09-03,13.87,13.99,13.81,13.87,17259117.0,241715982.0,2304831108.0,0.007488235012142156
2021-09-06,13.89,14.17,13.81,14.08,20684295.0,291893728.0,2304831108.0,0.008974321341032508
2021-09-07,14.11,14.17,14.04,14.14,17100161.0,243114424.0,2304831108.0,0.007419268570545517
2021-09-08,14.16,14.64,14.11,14.52,33457294.0,486731726.0,2304831108.0,0.014516158639073696
2021-09-09,14.51,14.64,14.36,14.59,24296512.0,355011367.0,2304831108.0,0.010541558518395354
2021-09-10,14.77,15.16,14.51,14.52,36488800.0,544075191.0,2304831108.0,0.015831441997354367
2021-09-13,14.53,14.71,14.31,14.44,25569473.0,371732433.0,2304831108.0,0.011093859724146
2021-09-14,14.34,14.46,14.11,14.14,18705254.0,269394656.0,2304831108.0,0.008115672308949069
2021-09-15,14.11,14.23,14.09,14.17,13129656.0,187382321.0,2304831108.0,0.005696580523591233
2021-09-16,14.14,14.3,13.89,13.89,19480432.0,276320179.0,2304831108.0,0.008451999772297415
2021-09-17,13.9,14.02,13.74,13.87,16603545.0,231936153.0,2304831108.0,0.007203801155915325
2021-09-22,13.74,13.83,13.66,13.78,14367968.0,199088526.0,2304831108.0,0.0062338485237071
2021-09-23,13.84,14.01,13.81,13.91,15544921.0,217963259.0,2304831108.0,0.006744494616566066
2021-09-24,13.93,14.01,13.72,13.74,14071033.0,195573819.0,2304831108.0,0.006105016958144944
2021-09-27,13.79,13.82,13.5,13.53,18057142.0,247131011.0,2304831108.0,0.007834475132396556
2021-09-28,13.52,13.6,13.46,13.53,9307279.0,126895468.0,2304831108.0,0.004038160960121855
2021-09-29,13.47,13.52,13.29,13.46,12470848.0,168511198.0,2304831108.0,0.00541074265993463
2021-09-30,13.42,13.52,13.4,13.47,9982734.0,135290025.0,2304831108.0,0.004331221478810412
2021-10-08,13.55,13.76,13.52,13.73,12239578.0,168248406.0,2304831108.0,0.005310401251318064
2021-10-11,13.71,13.78,13.67,13.73,9106216.0,125939422.0,2304831108.0,0.003950925500958658
2021-10-12,13.68,13.68,13.46,13.52,10049423.0,137414115.0,2304831108.0,0.004360155919936499
2021-10-13,13.55,13.67,13.49,13.65,7851313.0,107457558.0,2304831108.0,0.0034064591426019577
2021-10-14,13.66,13.69,13.55,13.6,7298511.0,100061370.0,2304831108.0,0.0031666142367946554
2021-10-15,13.62,13.63,13.42,13.45,10020991.0,136042693.0,2304831108.0,0.004347820091987409
2021-10-18,13.45,13.48,12.91,12.97,22605659.0,298124065.0,2304831108.0,0.009807945979875242
2021-10-19,12.91,12.97,12.83,12.95,12638343.0,164421873.0,2304831108.0,0.005483413928305935
2021-10-20,12.93,12.99,12.91,12.91,7524014.0,98093466.0,2304831108.0,0.0032644535097970397
2021-10-21,12.92,12.95,12.76,12.79,10130886.0,131167239.0,2304831108.0,0.0043955003752058
2021-10-22,12.73,12.88,12.57,12.61,12294573.0,157599019.0,2304831108.0,0.005334262001812586
2021-10-25,12.61,12.76,12.6,12.7,8203805.0,104874121.0,2304831108.0,0.0035593952943123847
2021-10-26,12.7,12.91,12.68,12.74,11248568.0,144575357.0,2304831108.0,0.004880430484019656
2021-10-27,12.75,12.77,12.07,12.13,18956697.0,235220926.0,2304831108.0,0.008224766202695664
2021-10-28,11.97,12.23,11.89,11.97,11680751.0,141178500.0,2304831108.0,0.005067942271108916
2021-10-29,11.99,12.28,11.95,12.22,8978639.0,109935187.0,2304831108.0,0.0038955735059438465
2021-11-01,11.97,12.23,11.76,12.12,14419001.0,175599950.0,2304831108.0,0.006255990276229819
2021-11-02,12.1,12.32,11.91,12.0,14376959.0,175282914.0,2304831108.0,0.006237749460295813
2021-11-03,12.02,12.28,12.01,12.21,11043513.0,135640208.0,2304831108.0,0.004791463010746556
2021-11-04,12.26,12.3,12.17,12.3,9056088.0,111604649.0,2304831108.0,0.003929176401935304
2021-11-05,12.28,12.47,12.24,12.3,12337838.0,153381443.0,2304831108.0,0.005353033442309822
2021-11-08,12.3,12.33,12.11,12.26,8083964.0,99589238.0,2304831108.0,0.0035073997274424154
2021-11-09,12.29,12.36,12.17,12.23,8837471.0,109073622.0,2304831108.0,0.0038343247664982486
2021-11-10,12.19,12.33,12.16,12.26,10586045.0,130481493.0,2304831108.0,0.0045929807885949445
2021-11-11,12.21,12.42,12.09,12.35,12810715.0,158599959.0,2304831108.0,0.005558201186861107
2021-11-12,12.39,12.55,12.31,12.49,11850454.0,148827772.0,2304831108.0,0.005141571527244416
2021-11-15,12.48,12.61,12.47,12.52,10835679.0,136946713.0,2304831108.0,0.004701289809214081
2021-11-16,12.53,12.62,12.39,12.42,10802509.0,136116116.0,2304831108.0,0.004686898299187656
2021-11-17,12.46,12.54,12.4,12.53,8002181.0,100694343.0,2304831108.0,0.003471916433366709
2021-11-18,12.51,12.55,12.32,12.33,9760236.0,122050813.0,2304831108.0,0.004234685988974425
2021-11-19,12.3,12.46,12.27,12.42,8825773.0,110023523.0,2304831108.0,0.0038292493403816034
2021-11-22,12.43,12.75,12.43,12.69,15950762.0,203214974.0,2304831108.0,0.006920577366660568
2021-11-23,12.67,12.85,12.63,12.73,13791030.0,177331643.0,2304831108.0,0.005983531700926695
2021-11-24,12.71,12.77,12.6,12.66,8302468.0,105962025.0,2304831108.0,0.003602202335425959
2021-11-25,12.7,12.74,12.63,12.63,7085318.0,90574062.0,2304831108.0,0.0030741159191261663
2021-11-26,12.63,12.63,12.42,12.43,9311952.0,117042265.0,2304831108.0,0.00404018844056664
2021-11-29,12.28,12.36,12.23,12.26,8317787.0,102853582.0,2304831108.0,0.0036088488094113314
2021-11-30,12.37,12.45,12.3,12.41,8899462.0,111023051.0,2304831108.0,0.0038612208803978014
2021-12-01,12.33,12.6,12.32,12.6,9440215.0,118653453.0,2304831108.0,0.004095838071272682
2021-12-02,12.59,12.71,12.53,12.65,9585586.0,121947028.0,2304831108.0,0.004158910371666157
2021-12-03,12.62,12.69,12.54,12.62,7702152.0,97760198.0,2304831108.0,0.0033417424700951234
2021-12-06,12.6,12.66,12.48,12.51,10227086.0,129429181.0,2304831108.0,0.004437238791381325
2021-12-07,12.53,12.59,12.37,12.42,10039987.0,125924570.0,2304831108.0,0.00435606191063263
2021-12-08,12.49,12.5,12.37,12.44,10550178.0,132132785.0,2304831108.0,0.004577419127753286
2021-12-09,12.45,12.9,12.42,12.73,24299361.0,312013857.0,2304831108.0,0.010542794617643628
2021-12-10,12.7,12.83,12.59,12.7,16165459.0,206992083.0,2304831108.0,0.007013728226719161
2021-12-13,12.68,12.78,12.65,12.71,12800375.0,164088039.0,2304831108.0,0.005553714957929143
2021-12-14,12.82,13.19,12.76,13.07,33427749.0,439601899.0,2304831108.0,0.014503339912401079
2021-12-15,13.1,13.22,12.96,12.98,16816938.0,220965967.0,2304831108.0,0.007296386247837817
2021-12-16,13.08,13.12,12.89,12.97,13769229.0,180118304.0,2304831108.0,0.00597407287336908
2021-12-17,12.91,12.96,12.75,12.8,14528539.0,187598730.0,2304831108.0,0.006303515667404815
2021-12-20,12.86,12.99,12.78,12.87,13770076.0,178491148.0,2304831108.0,0.005974440362334783
2021-12-21,12.9,12.95,12.68,12.87,12158525.0,156940011.0,2304831108.0,0.005275234683269469
2021-12-22,12.87,13.17,12.82,12.97,17178171.0,225258686.0,2304831108.0,0.007453114868319453
2021-12-23,12.95,12.98,12.81,12.91,11494103.0,149402487.0,2304831108.0,0.004986961066302998
2021-12-24,12.97,13.02,12.77,12.83,10249252.0,132669435.0,2304831108.0,0.004446855981952496
2021-12-27,12.84,12.87,12.76,12.82,7259374.0,93718605.0,2304831108.0,0.003149633816900045
2021-12-28,12.88,12.92,12.8,12.85,7326561.0,94830146.0,2304831108.0,0.0031787843259186
2021-12-29,12.85,12.85,12.69,12.7,10259268.0,131790264.0,2304831108.0,0.004451201636592975
2021-12-30,12.69,12.95,12.68,12.93,14051553.0,182440928.0,2304831108.0,0.006096565145805035
2021-12-31,12.92,12.97,12.87,12.92,8905200.0,115930777.0,2304831133.0,0.003863710391836329
2022-01-04,12.95,13.18,12.92,13.15,15333175.0,202026849.0,2304831133.0,0.006652624038465728
2022-01-05,13.14,13.18,12.96,13.05,12405099.0,162996913.0,2304831133.0,0.005382215999422635
2022-01-06,12.98,13.2,12.97,13.08,12621239.0,166381842.0,2304831133.0,0.005475992934706683
2022-01-07,13.06,13.16,13.01,13.09,11263121.0,148623129.0,2304831133.0,0.004886744559606745
2022-01-10,13.15,13.27,13.07,13.12,13020299.0,172339316.0,2304831133.0,0.0056491336018411895
2022-01-11,13.11,13.11,12.95,12.98,10623617.0,139451602.0,2304831133.0,0.004609282149956102
2022-01-12,13.01,13.08,12.95,13.03,8698123.0,114006885.0,2304831133.0,0.0037738656318297833
2022-01-13,12.99,13.04,12.86,12.93,11705334.0,152552014.0,2304831133.0,0.005078608073453163
2022-01-14,12.9,12.93,12.73,12.75,9373765.0,121234934.0,2304831133.0,0.004067007281266189
2022-01-17,12.73,12.94,12.72,12.9,9497559.0,123374614.0,2304831133.0,0.004120717940683943
2022-01-18,12.9,12.99,12.83,12.98,9995054.0,130098755.0,2304831133.0,0.004336566725819215
2022-01-19,12.93,13.06,12.78,12.85,10292950.0,133957751.0,2304831133.0,0.004465815240269926
2022-01-20,12.81,12.89,12.7,12.74,9585125.0,123298370.0,2304831133.0,0.004158710311902057
2022-01-21,12.71,12.79,12.64,12.67,7592097.0,97087678.0,2304831133.0,0.0032939927317443087
2022-01-24,12.62,12.71,12.58,12.59,5072652.0,64551326.0,2304831133.0,0.0022008779417160016
2022-01-25,12.51,12.56,12.01,12.03,14203526.0,174646076.0,2304831133.0,0.006162501797479842
2022-01-26,12.03,12.11,11.97,12.07,6846051.0,83025318.0,2304831133.0,0.0029703048097450358
2022-01-27,12.06,12.06,11.72,11.74,10224671.0,121704827.0,2304831133.0,0.004436190944145842
2022-01-28,11.79,11.89,11.69,11.8,6813365.0,80937739.0,2304831133.0,0.0029561232935671213
2022-02-07,11.98,12.11,11.93,12.0,7824417.0,94628021.0,2304831133.0,0.0033947897041010683
2022-02-08,11.99,12.18,11.91,12.15,6709621.0,81519184.0,2304831133.0,0.0029111117530188275
2022-02-09,12.15,12.24,12.15,12.2,6041443.0,74246580.0,2304831133.0,0.0026212085187066934
2022-02-10,12.21,12.23,12.02,12.09,8887207.0,108290529.0,2304831133.0,0.0038559037461596106
2022-02-11,12.06,12.11,11.95,12.0,7399308.0,89610708.0,2304831133.0,0.0032103471243765083
2022-02-14,11.99,12.07,11.89,12.0,5867225.0,70880307.0,2304831133.0,0.0025456203346069604
2022-02-15,11.98,12.05,11.94,12.04,4911957.0,59422450.0,2304831133.0,0.002131156998737052
2022-02-16,12.07,12.13,12.01,12.04,4896983.0,59493689.0,2304831133.0,0.002124660210410304
2022-02-17,12.07,12.08,11.97,11.98,5604256.0,67847265.0,2304831133.0,0.0024315256418397228
2022-02-18,11.93,11.99,11.86,11.98,6701234.0,80610118.0,2304831133.0,0.0029074728747166744
2022-02-21,11.96,12.11,11.92,12.1,8422057.0,102119381.0,2304831133.0,0.0036540885271007834
2022-02-22,12.03,12.04,11.85,11.91,8030071.0,96476706.0,2304831133.0,0.0034840170652970784
2022-02-23,11.91,12.05,11.91,12.03,6506544.0,78691593.0,2304831133.0,0.0028230024780735207
2022-02-24,12.04,12.04,11.63,11.73,12083880.0,143981699.0,2304831133.0,0.005242848305451105
2022-02-25,11.83,11.9,11.69,11.69,8655988.0,102853410.0,2304831133.0,0.0037555844660659573
2022-02-28,11.71,11.71,11.42,11.6,8436980.0,98112699.0,2304831133.0,0.003660563187993001
2022-03-01,11.55,11.65,11.49,11.59,6603772.0,76911578.0,2304831133.0,0.002865186913457056
2022-03-02,11.5,11.54,11.44,11.51,7062654.0,81742642.0,2304831133.0,0.003064282627424922
2022-03-03,11.53,11.58,11.49,11.53,6317816.0,73414389.0,2304831133.0,0.0027411188219141434
2022-03-04,11.5,11.6,11.39,11.6,8209546.0,95326162.0,2304831133.0,0.0035618861106385446
2022-03-07,11.56,11.57,11.4,11.45,6263780.0,72308464.0,2304831133.0,0.002717674154221866
2022-03-08,11.41,11.47,10.94,10.96,11345360.0,127341413.0,2304831696.0,0.004922424496196272
2022-03-09,11.04,11.06,10.27,10.57,12659349.0,136183801.0,2304831696.0,0.00549252642697083
2022-03-10,10.8,10.92,10.67,10.78,9162640.0,99754213.0,2304831696.0,0.0039754052393073305
2022-03-11,10.68,10.97,10.42,10.96,8065777.0,86695903.0,2375773677.0,0.0033950106771891806
2022-03-14,10.81,11.15,10.74,10.87,6597653.0,72972546.0,2375773677.0,0.002777054508126028
2022-03-15,10.74,10.74,10.07,10.08,13499151.0,141757163.0,2375773677.0,0.0056820020908077435
2022-03-16,10.3,10.36,9.78,10.26,13909314.0,141269860.0,2375773677.0,0.005854646061052389
2022-03-17,10.33,10.57,10.33,10.39,10573000.0,111300411.0,2375773677.0,0.004450339736633086
2022-03-18,10.35,10.55,10.3,10.46,7001183.0,73830749.0,2375773677.0,0.00294690654576185
2022-03-21,10.5,10.57,10.25,10.33,10486092.0,109989875.0,2375773677.0,0.004413758811083923
2022-03-22,10.33,10.47,10.21,10.37,7214666.0,75046065.0,2375773677.0,0.003036764852580695
2022-03-23,10.4,10.51,10.35,10.46,7947432.0,83595843.0,2375773677.0,0.0033451974306052553
2022-03-24,10.44,10.44,10.28,10.3,6214668.0,64743085.0,2375773677.0,0.0026158501797391535
2022-03-25,10.38,10.39,10.28,10.28,5349358.0,55670135.0,2375773677.0,0.0022516277757378316
2022-03-28,10.12,10.36,10.0,10.32,6165211.0,63483747.0,2375773677.0,0.002595032961129992
2022-03-29,10.33,10.34,10.13,10.16,4537547.0,46700344.0,2375773677.0,0.0019099239308559778
2022-03-30,10.21,10.4,10.21,10.39,5795401.0,60214555.0,2375773677.0,0.002439374194648929
2022-03-31,10.37,10.46,10.34,10.37,5562425.0,58210672.0,2375773677.0,0.002341310981702572
2022-04-01,10.32,10.4,10.2,10.4,5051502.0,52586488.0,2375773677.0,0.0021262555641995188
2022-04-06,10.39,10.48,10.35,10.47,5748033.0,60442131.0,2375773677.0,0.002419436268549919
2022-04-07,10.42,10.45,10.2,10.2,6700492.0,69620498.0,2375773677.0,0.0028203410387394406
2022-04-08,10.22,10.25,9.99,10.22,6751320.0,68938424.0,2375773677.0,0.002841735332519218
2022-04-11,10.2,10.2,9.79,9.84,11407335.0,114266326.0,2375773677.0,0.004801524282567426
2022-04-12,9.84,10.06,9.72,10.04,8190111.0,81314728.0,2375773677.0,0.00344734478679048
2022-04-13,10.17,10.38,10.05,10.06,9091563.0,93552341.0,2375773677.0,0.003826779919323098
2022-04-14,10.09,10.23,10.05,10.16,5494684.0,56196776.0,2375773677.0,0.0023127977438231377
2022-04-15,10.07,10.15,9.95,10.01,5517296.0,55819990.0,2375773677.0,0.0023223154854409137
2022-04-18,9.97,10.08,9.85,10.06,4023445.0,40466024.0,2375773677.0,0.00169353042293178
2022-04-19,10.03,10.14,9.99,10.05,3624535.0,36754633.0,2375773677.0,0.001525623014973745
2022-04-20,10.05,10.12,9.92,9.93,6043027.0,61218218.0,2375773677.0,0.002543603819885239
2022-04-21,9.93,9.96,9.68,9.71,8153523.0,80398582.0,2375773677.0,0.00343194432993964
2022-04-22,9.66,9.69,9.43,9.55,7997792.0,76941889.0,2375773677.0,0.003366394735924166
2022-04-25,9.41,9.41,8.85,8.86,12370500.0,113370466.0,2375773677.0,0.005206935374257032
2022-04-26,8.86,8.97,8.56,8.63,10548221.0,93348687.0,2375773677.0,0.004439909871095015
2022-04-27,8.54,8.86,8.38,8.84,10075820.0,87398343.0,2375773677.0,0.004241068961048178
2022-04-28,8.77,8.83,8.54,8.78,7683366.0,67492605.0,2375773677.0,0.0032340479543077286
2022-04-29,8.8,9.18,8.8,9.09,9153199.0,82858170.0,2375773677.0,0.0038527234679854565
2022-05-05,9.03,9.03,8.44,8.9,13078200.0,116350375.0,2375773677.0,0.00550481728399081
2022-05-06,8.71,8.74,8.6,8.61,8385688.0,73129783.0,2375773677.0,0.0035296661804035973
2022-05-09,8.59,8.76,8.55,8.68,7145364.0,62529200.0,2375773677.0,0.0030075945655828563
2022-05-10,8.58,8.95,8.54,8.89,10646118.0,94404235.0,2375773677.0,0.004481116237234916
2022-05-11,8.92,9.22,8.89,9.0,12240408.0,111963737.0,2375773677.0,0.005152177633122248
2022-05-12,8.96,9.06,8.88,8.99,5891004.0,53304704.0,2375773677.0,0.002479614980598171
2022-05-13,9.07,9.1,8.9,8.99,5398806.0,48856606.0,2375773677.0,0.0022724412061073613
2022-05-16,9.02,9.08,8.89,8.94,5614856.0,50749521.0,2375773677.0,0.00236338000305237
2022-05-17,8.95,9.01,8.86,9.0,5704326.0,51462969.0,2375773677.0,0.002401039314150125
2022-05-18,9.07,9.08,8.97,9.02,5731615.0,52146580.0,2375773677.0,0.0024125256776300246
2022-05-19,8.8,9.15,8.79,9.12,7749081.0,70500460.0,2375773677.0,0.0032617084173544365
2022-05-20,9.16,9.29,9.13,9.21,8579734.0,79678302.0,2375773677.0,0.003611343152363751
2022-05-23,9.22,9.22,9.09,9.2,7408030.0,68324335.0,2375773677.0,0.0031181547601598415
2022-05-24,9.21,9.28,8.81,8.81,9923753.0,90303329.0,2375773677.0,0.004177061601478464
2022-05-25,8.82,9.05,8.82,9.03,7184719.0,64908957.0,2375773677.0,0.0030241596956627954
2022-05-26,9.14,9.16,8.89,9.15,9127067.0,83300726.0,2375773677.0,0.003841724103756033
2022-05-27,9.22,9.25,9.04,9.13,7540928.0,68913792.0,2375773677.0,0.003174093590228797
2022-05-30,9.19,9.27,9.13,9.25,9221280.0,84865624.0,2375773677.0,0.00388137981713988
2022-05-31,9.25,9.5,9.16,9.44,14560414.0,136555771.0,2375773677.0,0.006128704152655699
2022-06-01,9.4,9.48,9.32,9.4,10335612.0,97146010.0,2375773677.0,0.004350419444435994
2022-06-02,9.4,9.59,9.35,9.56,10969673.0,104093441.0,2375773677.0,0.0046173055565847995
2022-06-06,9.5,9.74,9.5,9.68,11854303.0,114173778.0,2375773677.0,0.0049896600483295955
2022-06-07,9.66,9.67,9.46,9.51,11819441.0,112680958.0,2375773677.0,0.00497498609165708
2022-06-08,9.53,9.53,9.34,9.45,8435098.0,79492192.0,2375773677.0,0.003550463615983569
2022-06-09,9.48,9.5,9.19,9.27,8936508.0,83105789.0,2375773677.0,0.0037615148641955425
2022-06-10,9.23,9.37,9.17,9.33,8596357.0,79980583.0,2375773677.0,0.003618340030964153
2022-06-13,9.35,9.37,9.18,9.27,9284102.0,86242169.0,2375773677.0,0.00390782257160264
2022-06-14,9.24,9.35,9.03,9.34,11022462.0,101117163.0,2375773677.0,0.00463952526568885
2022-06-15,9.34,10.2,9.34,9.84,32195270.0,316033285.0,2375773677.0,0.013551488642072364
2022-06-16,9.8,9.88,9.6,9.64,16634818.0,161572944.0,2375773677.0,0.007001852979954538
2022-06-17,9.54,9.71,9.49,9.65,11572312.0,111184863.0,2375773677.0,0.004870965661431562
2022-06-20,9.67,9.98,9.53,9.93,19338739.0,189361066.0,2375773677.0,0.00813997527930351
2022-06-21,9.91,9.92,9.71,9.83,12059245.0,118553517.0,2375773677.0,0.005075923315737621
2022-06-22,9.83,9.85,9.51,9.51,10886278.0,104984219.0,2375773677.0,0.00458220330723868
2022-06-23,9.57,9.91,9.57,9.9,17416176.0,170545804.0,2375773677.0,0.007330738684668069
2022-06-24,9.9,9.93,9.78,9.86,13723441.0,135047346.0,2375773677.0,0.005776409231593654
2022-06-27,9.86,9.92,9.79,9.81,11578354.0,114118748.0,2375773677.0,0.004873508832971214
2022-06-28,10.0,10.07,9.82,10.04,16719360.0,166641765.0,2375773677.0,0.007037438019395987
2022-06-29,10.03,10.25,9.96,9.96,15709860.0,158457302.0,2375773677.0,0.006612523807334026
2022-06-30,9.96,10.08,9.94,9.97,9910607.0,99286383.0,2375776352.0,0.004171523549199803
2022-07-01,10.07,10.45,9.96,9.98,13009093.0,131567871.0,2375776352.0,0.005475722910133588
2022-07-04,9.79,9.84,9.7,9.79,11666621.0,114147601.0,2375776352.0,0.004910656253556312
2022-07-05,9.77,9.82,9.6,9.67,10659663.0,103412345.0,2375776352.0,0.0044868124859591164
2022-07-06,9.66,9.72,9.53,9.6,7894010.0,75889732.0,2375776352.0,0.0033227075407811788
2022-07-07,9.62,9.94,9.61,9.78,10699046.0,105046966.0,2375776352.0,0.004503389383008725
2022-07-08,9.8,10.08,9.77,9.94,11932508.0,119005810.0,2375776352.0,0.005022572090994532
2022-07-11,9.88,9.98,9.78,9.85,7675985.0,75651000.0,2375776352.0,0.0032309375390230334
2022-07-12,9.85,9.86,9.65,9.66,6815019.0,66345314.0,2375776352.0,0.002868544000054093
2022-07-13,9.64,9.73,9.58,9.6,6070991.0,58601363.0,2375776352.0,0.0025553714241196386
2022-07-14,9.61,9.67,9.55,9.55,6074207.0,58330361.0,2375776352.0,0.0025567250868906706
2022-07-15,9.55,9.58,9.32,9.32,8333793.0,78587447.0,2375776352.0,0.0035078188201445653
2022-07-18,9.35,9.65,9.33,9.62,7292599.0,69418961.0,2375776352.0,0.003069564605212469
2022-07-19,9.58,9.7,9.53,9.68,6035101.0,58174822.0,2375776352.0,0.0025402647833073473
2022-07-20,9.69,9.77,9.66,9.72,5841935.0,56675568.0,2375776352.0,0.0024589583085470497
2022-07-21,9.7,9.8,9.61,9.68,6254277.0,60890505.0,2375776352.0,0.0026325192582773885
2022-07-22,9.7,9.79,9.56,9.65,7067744.0,68393313.0,2375776352.0,0.002974919753726044
2022-07-25,9.63,9.73,9.47,9.5,6000894.0,57546704.0,2375776352.0,0.0025258665425086273
2022-07-26,9.5,9.61,9.47,9.59,4240687.0,40422904.0,2375776352.0,0.0017849689413862808
2022-07-27,9.6,9.67,9.57,9.64,4025650.0,38810749.0,2375776352.0,0.0016944566337698777
2022-07-28,9.68,9.98,9.66,9.84,11665541.0,115342629.0,2375776352.0,0.004910201665312308
2022-07-29,9.9,9.9,9.71,9.72,7127373.0,69579395.0,2375776352.0,0.0030000184966905504
2022-08-01,9.68,9.87,9.62,9.85,7965500.0,77888006.0,2375776352.0,0.003352798757043946
2022-08-02,9.76,9.77,9.38,9.57,12513231.0,119594027.0,2375776352.0,0.0052670071362003355
2022-08-03,9.56,9.77,9.45,9.46,9124457.0,87852842.0,2375776352.0,0.0038406211899191427
2022-08-04,9.52,9.67,9.51,9.61,6276582.0,60189842.0,2375776352.0,0.0026419077682611767
2022-08-05,9.68,9.95,9.62,9.92,12543322.0,123240870.0,2375776352.0,0.005279672890691354
2022-08-08,9.92,10.05,9.89,9.93,9941160.0,98926751.0,2375776352.0,0.004184383766439645
2022-08-09,9.93,10.01,9.82,9.98,8948192.0,88694794.0,2375776352.0,0.0037664286002624544
2022-08-10,9.91,10.09,9.9,9.95,7785911.0,77857047.0,2375776352.0,0.0032772070457918255
2022-08-11,10.02,10.44,10.0,10.35,23379516.0,240595733.0,2375776352.0,0.009840789929707997
2022-08-12,10.3,10.39,10.22,10.22,12480177.0,128463372.0,2375776352.0,0.005253094210443593
2022-08-15,10.2,10.28,10.14,10.22,8640798.0,88280881.0,2375776352.0,0.003637041842228085
2022-08-16,10.23,10.27,10.09,10.11,7934942.0,80620711.0,2375776352.0,0.0033399364352288997
2022-08-17,10.12,10.37,10.08,10.35,12111049.0,124357943.0,2375776352.0,0.005097722683283953
2022-08-18,10.35,10.58,10.24,10.5,16768521.0,175298780.0,2375776352.0,0.007058122699926597
2022-08-19,10.51,10.74,10.21,10.24,16205747.0,169201331.0,2375776352.0,0.006821242658787101
2022-08-22,10.25,10.46,10.12,10.35,12330829.0,127560959.0,2375776352.0,0.005190231390938603
2022-08-23,10.35,10.4,10.17,10.21,9671543.0,99129702.0,2375776352.0,0.0040708979158994504
2022-08-24,10.21,10.27,9.84,9.89,14612719.0,145784703.0,2375776352.0,0.006150713213261246
2022-08-25,9.83,9.89,9.64,9.74,10265634.0,99900243.0,2375776352.0,0.004320959753369917
2022-08-26,9.8,9.83,9.61,9.65,6513046.0,63238184.0,2375776352.0,0.002741439022455595
2022-08-29,9.56,9.68,9.51,9.63,6218266.0,59786670.0,2375776352.0,0.002617361686745167
2022-08-30,9.55,9.69,9.55,9.6,6703476.0,64430516.0,2375776352.0,0.002821593873664418
2022-08-31,9.61,9.69,9.35,9.44,11463968.0,108339745.0,2375776352.0,0.004825356557804478
2022-09-01,9.38,9.43,9.18,9.21,8923692.0,82932695.0,2375776352.0,0.0037561161817642338
2022-09-02,9.23,9.33,9.23,9.28,6111309.0,56699472.0,2375776352.0,0.002572341876732343
2022-09-05,9.28,9.28,9.15,9.18,6583935.0,60497135.0,2375776352.0,0.0027712772687788754
2022-09-06,9.21,9.26,9.18,9.25,7509186.0,69292998.0,2375776352.0,0.003160729331142025
2022-09-07,9.22,9.25,9.15,9.19,6707194.0,61678777.0,2375776352.0,0.0028231588357859033
2022-09-08,9.21,9.25,9.13,9.14,6037523.0,55453784.0,2375776352.0,0.0025412842395360286
2022-09-09,9.12,9.17,9.02,9.17,7987601.0,72762009.0,2375776352.0,0.0033621014003594224
2022-09-13,9.16,9.25,9.16,9.19,5281467.0,48587586.0,2375776352.0,0.0022230488974915095
2022-09-14,9.09,9.1,9.03,9.06,5873360.0,53219629.0,2375776352.0,0.0024721855637024203
2022-09-15,9.1,9.13,8.92,8.94,7683372.0,69257416.0,2375776352.0,0.003234046838429007
2022-09-16,8.93,8.94,8.7,8.73,6935587.0,61202968.0,2375776352.0,0.002919292884686479
2022-09-19,8.89,9.01,8.81,8.85,6753872.0,60027279.0,2375776352.0,0.0028428063080577375
2022-09-20,8.9,8.96,8.85,8.88,3717331.0,33012578.0,2375776352.0,0.0015646805293228208
2022-09-21,8.87,8.96,8.71,8.93,4970357.0,43951309.0,2375776352.0,0.002092098019165737
2022-09-22,8.88,8.95,8.82,8.86,3436199.0,30558673.0,2375776352.0,0.0014463478420884627
2022-09-23,8.9,8.9,8.7,8.8,4264040.0,37527218.0,2375776352.0,0.0017947985703327684
2022-09-26,8.73,8.79,8.63,8.63,4568675.0,39746374.0,2375776352.0,0.0019230240237697255
2022-09-27,8.62,9.08,8.61,8.93,6486497.0,57107252.0,2375776352.0,0.0027302641490388906
2022-09-28,8.89,8.89,8.57,8.67,4755553.0,41442871.0,2375776352.0,0.002001683784753827
2022-09-29,8.72,8.75,8.51,8.56,4892100.0,42162198.0,2375776352.0,0.002059158470822257
2022-09-30,8.55,8.64,8.51,8.51,3936414.0,33786677.0,2375776352.0,0.001656895859194073
